library,replicate,sample,sample_type,sort_bin,concentration,date,number_cells,R1
lib55,A,TiteSeq_01_bin1,TiteSeq,1,1,221207,576339,/uufs/chpc.utah.edu/common/home/u6042467/starr-group1/sequencing/TNS/2022/221228_PD-CoV-DMS_bc-seq/221207_s1_b1_S1_R1_001.fastq.gz
lib55,A,TiteSeq_01_bin2,TiteSeq,2,1,221207,1013945,/uufs/chpc.utah.edu/common/home/u6042467/starr-group1/sequencing/TNS/2022/221228_PD-CoV-DMS_bc-seq/221207_s1_b2_S2_R1_001.fastq.gz
lib55,A,TiteSeq_01_bin3,TiteSeq,3,1,221207,1643755,/uufs/chpc.utah.edu/common/home/u6042467/starr-group1/sequencing/TNS/2022/221228_PD-CoV-DMS_bc-seq/221207_s1_b3_S3_R1_001.fastq.gz
lib55,A,TiteSeq_01_bin4,TiteSeq,4,1,221207,1850778,/uufs/chpc.utah.edu/common/home/u6042467/starr-group1/sequencing/TNS/2022/221228_PD-CoV-DMS_bc-seq/221207_s1_b4_S4_R1_001.fastq.gz
lib55,A,TiteSeq_02_bin1,TiteSeq,1,2,221207,1048743,/uufs/chpc.utah.edu/common/home/u6042467/starr-group1/sequencing/TNS/2022/221228_PD-CoV-DMS_bc-seq/221207_s2_b1_S5_R1_001.fastq.gz
lib55,A,TiteSeq_02_bin2,TiteSeq,2,2,221207,1143654,/uufs/chpc.utah.edu/common/home/u6042467/starr-group1/sequencing/TNS/2022/221228_PD-CoV-DMS_bc-seq/221207_s2_b2_S6_R1_001.fastq.gz
lib55,A,TiteSeq_02_bin3,TiteSeq,3,2,221207,1767189,/uufs/chpc.utah.edu/common/home/u6042467/starr-group1/sequencing/TNS/2022/221228_PD-CoV-DMS_bc-seq/221207_s2_b3_S7_R1_001.fastq.gz
lib55,A,TiteSeq_02_bin4,TiteSeq,4,2,221207,1142166,/uufs/chpc.utah.edu/common/home/u6042467/starr-group1/sequencing/TNS/2022/221228_PD-CoV-DMS_bc-seq/221207_s2_b4_S8_R1_001.fastq.gz
lib55,A,TiteSeq_03_bin1,TiteSeq,1,3,221207,2284613,/uufs/chpc.utah.edu/common/home/u6042467/starr-group1/sequencing/TNS/2022/221228_PD-CoV-DMS_bc-seq/221207_s3_b1_S9_R1_001.fastq.gz
lib55,A,TiteSeq_03_bin2,TiteSeq,2,3,221207,1677978,/uufs/chpc.utah.edu/common/home/u6042467/starr-group1/sequencing/TNS/2022/221228_PD-CoV-DMS_bc-seq/221207_s3_b2_S10_R1_001.fastq.gz
lib55,A,TiteSeq_03_bin3,TiteSeq,3,3,221207,1324283,/uufs/chpc.utah.edu/common/home/u6042467/starr-group1/sequencing/TNS/2022/221228_PD-CoV-DMS_bc-seq/221207_s3_b3_S11_R1_001.fastq.gz
lib55,A,TiteSeq_03_bin4,TiteSeq,4,3,221207,123221,/uufs/chpc.utah.edu/common/home/u6042467/starr-group1/sequencing/TNS/2022/221228_PD-CoV-DMS_bc-seq/221207_s3_b4_S12_R1_001.fastq.gz
lib55,A,TiteSeq_04_bin1,TiteSeq,1,4,221207,3416070,/uufs/chpc.utah.edu/common/home/u6042467/starr-group1/sequencing/TNS/2022/221228_PD-CoV-DMS_bc-seq/221207_s4_b1_S13_R1_001.fastq.gz
lib55,A,TiteSeq_04_bin2,TiteSeq,2,4,221207,2004230,/uufs/chpc.utah.edu/common/home/u6042467/starr-group1/sequencing/TNS/2022/221228_PD-CoV-DMS_bc-seq/221207_s4_b2_S14_R1_001.fastq.gz
lib55,A,TiteSeq_04_bin3,TiteSeq,3,4,221207,130400,/uufs/chpc.utah.edu/common/home/u6042467/starr-group1/sequencing/TNS/2022/221228_PD-CoV-DMS_bc-seq/221207_s4_b3_S15_R1_001.fastq.gz
lib55,A,TiteSeq_04_bin4,TiteSeq,4,4,221207,28184,/uufs/chpc.utah.edu/common/home/u6042467/starr-group1/sequencing/TNS/2022/221228_PD-CoV-DMS_bc-seq/221207_s4_b4_S16_R1_001.fastq.gz
lib55,A,TiteSeq_05_bin1,TiteSeq,1,5,221207,4733319,/uufs/chpc.utah.edu/common/home/u6042467/starr-group1/sequencing/TNS/2022/221228_PD-CoV-DMS_bc-seq/221207_s5_b1_S17_R1_001.fastq.gz
lib55,A,TiteSeq_05_bin2,TiteSeq,2,5,221207,427554,/uufs/chpc.utah.edu/common/home/u6042467/starr-group1/sequencing/TNS/2022/221228_PD-CoV-DMS_bc-seq/221207_s5_b2_S18_R1_001.fastq.gz
lib55,A,TiteSeq_05_bin3,TiteSeq,3,5,221207,11437,/uufs/chpc.utah.edu/common/home/u6042467/starr-group1/sequencing/TNS/2022/221228_PD-CoV-DMS_bc-seq/221207_s5_b3_S19_R1_001.fastq.gz
lib55,A,TiteSeq_05_bin4,TiteSeq,4,5,221207,4566,/uufs/chpc.utah.edu/common/home/u6042467/starr-group1/sequencing/TNS/2022/221228_PD-CoV-DMS_bc-seq/221207_s5_b4_S20_R1_001.fastq.gz
lib55,A,TiteSeq_06_bin1,TiteSeq,1,6,221207,4931339,/uufs/chpc.utah.edu/common/home/u6042467/starr-group1/sequencing/TNS/2022/221228_PD-CoV-DMS_bc-seq/221207_s6_b1_S21_R1_001.fastq.gz
lib55,A,TiteSeq_06_bin2,TiteSeq,2,6,221207,154714,/uufs/chpc.utah.edu/common/home/u6042467/starr-group1/sequencing/TNS/2022/221228_PD-CoV-DMS_bc-seq/221207_s6_b2_S22_R1_001.fastq.gz
lib55,A,TiteSeq_06_bin3,TiteSeq,3,6,221207,1821,/uufs/chpc.utah.edu/common/home/u6042467/starr-group1/sequencing/TNS/2022/221228_PD-CoV-DMS_bc-seq/221207_s6_b3_S23_R1_001.fastq.gz
lib55,A,TiteSeq_06_bin4,TiteSeq,4,6,221207,434,/uufs/chpc.utah.edu/common/home/u6042467/starr-group1/sequencing/TNS/2022/221228_PD-CoV-DMS_bc-seq/221207_s6_b4_S24_R1_001.fastq.gz
lib55,A,TiteSeq_07_bin1,TiteSeq,1,7,221207,4991202,/uufs/chpc.utah.edu/common/home/u6042467/starr-group1/sequencing/TNS/2022/221228_PD-CoV-DMS_bc-seq/221207_s7_b1_S25_R1_001.fastq.gz
lib55,A,TiteSeq_07_bin2,TiteSeq,2,7,221207,137754,/uufs/chpc.utah.edu/common/home/u6042467/starr-group1/sequencing/TNS/2022/221228_PD-CoV-DMS_bc-seq/221207_s7_b2_S26_R1_001.fastq.gz
lib55,A,TiteSeq_07_bin3,TiteSeq,3,7,221207,1260,/uufs/chpc.utah.edu/common/home/u6042467/starr-group1/sequencing/TNS/2022/221228_PD-CoV-DMS_bc-seq/221207_s7_b3_S27_R1_001.fastq.gz
lib55,A,TiteSeq_07_bin4,TiteSeq,4,7,221207,70,/uufs/chpc.utah.edu/common/home/u6042467/starr-group1/sequencing/TNS/2022/221228_PD-CoV-DMS_bc-seq/221207_s7_b4_S28_R1_001.fastq.gz
lib55,A,TiteSeq_08_bin1,TiteSeq,1,8,221207,5012941,/uufs/chpc.utah.edu/common/home/u6042467/starr-group1/sequencing/TNS/2022/221228_PD-CoV-DMS_bc-seq/221207_s8_b1_S29_R1_001.fastq.gz
lib55,A,TiteSeq_08_bin2,TiteSeq,2,8,221207,131114,/uufs/chpc.utah.edu/common/home/u6042467/starr-group1/sequencing/TNS/2022/221228_PD-CoV-DMS_bc-seq/221207_s8_b2_S30_R1_001.fastq.gz
lib55,A,TiteSeq_08_bin3,TiteSeq,3,8,221207,916,/uufs/chpc.utah.edu/common/home/u6042467/starr-group1/sequencing/TNS/2022/221228_PD-CoV-DMS_bc-seq/221207_s8_b3_S31_R1_001.fastq.gz
lib55,A,TiteSeq_08_bin4,TiteSeq,4,8,221207,24,/uufs/chpc.utah.edu/common/home/u6042467/starr-group1/sequencing/TNS/2022/221228_PD-CoV-DMS_bc-seq/221207_s8_b4_S32_R1_001.fastq.gz
lib55,A,TiteSeq_09_bin1,TiteSeq,1,9,221207,4923572,/uufs/chpc.utah.edu/common/home/u6042467/starr-group1/sequencing/TNS/2022/221228_PD-CoV-DMS_bc-seq/221207_s9_b1_S33_R1_001.fastq.gz
lib55,A,TiteSeq_09_bin2,TiteSeq,2,9,221207,250693,/uufs/chpc.utah.edu/common/home/u6042467/starr-group1/sequencing/TNS/2022/221228_PD-CoV-DMS_bc-seq/221207_s9_b2_S34_R1_001.fastq.gz
lib55,A,TiteSeq_09_bin3,TiteSeq,3,9,221207,558,/uufs/chpc.utah.edu/common/home/u6042467/starr-group1/sequencing/TNS/2022/221228_PD-CoV-DMS_bc-seq/221207_s9_b3_S35_R1_001.fastq.gz
lib55,A,TiteSeq_09_bin4,TiteSeq,4,9,221207,25,/uufs/chpc.utah.edu/common/home/u6042467/starr-group1/sequencing/TNS/2022/221228_PD-CoV-DMS_bc-seq/221207_s9_b4_S36_R1_001.fastq.gz
lib55,A,hAPN_01_bin1,hAPN_sortseq,1,1,221207,3198849,/uufs/chpc.utah.edu/common/home/u6042467/starr-group1/sequencing/TNS/2022/221228_PD-CoV-DMS_bc-seq/221207_s10_b1_S37_R1_001.fastq.gz
lib55,A,hAPN_01_bin2,hAPN_sortseq,2,1,221207,1965752,/uufs/chpc.utah.edu/common/home/u6042467/starr-group1/sequencing/TNS/2022/221228_PD-CoV-DMS_bc-seq/221207_s10_b2_S38_R1_001.fastq.gz
lib55,A,hAPN_01_bin3,hAPN_sortseq,3,1,221207,125241,/uufs/chpc.utah.edu/common/home/u6042467/starr-group1/sequencing/TNS/2022/221228_PD-CoV-DMS_bc-seq/221207_s10_b3_S39_R1_001.fastq.gz
lib55,A,hAPN_01_bin4,hAPN_sortseq,4,1,221207,12973,/uufs/chpc.utah.edu/common/home/u6042467/starr-group1/sequencing/TNS/2022/221228_PD-CoV-DMS_bc-seq/221207_s10_b4_S40_R1_001.fastq.gz
lib55,A,pAPN_01_bin1,pAPN_sortseq,1,1,221207,2294711,/uufs/chpc.utah.edu/common/home/u6042467/starr-group1/sequencing/TNS/2022/221228_PD-CoV-DMS_bc-seq/221207_s11_b1_S41_R1_001.fastq.gz
lib55,A,pAPN_01_bin2,pAPN_sortseq,2,1,221207,2785686,/uufs/chpc.utah.edu/common/home/u6042467/starr-group1/sequencing/TNS/2022/221228_PD-CoV-DMS_bc-seq/221207_s11_b2_S42_R1_001.fastq.gz
lib55,A,pAPN_01_bin3,pAPN_sortseq,3,1,221207,114535,/uufs/chpc.utah.edu/common/home/u6042467/starr-group1/sequencing/TNS/2022/221228_PD-CoV-DMS_bc-seq/221207_s11_b3_S43_R1_001.fastq.gz
lib55,A,pAPN_01_bin4,pAPN_sortseq,4,1,221207,6556,/uufs/chpc.utah.edu/common/home/u6042467/starr-group1/sequencing/TNS/2022/221228_PD-CoV-DMS_bc-seq/221207_s11_b4_S44_R1_001.fastq.gz
lib56,A,TiteSeq_01_bin1,TiteSeq,1,1,221209,964285,/uufs/chpc.utah.edu/common/home/u6042467/starr-group1/sequencing/TNS/2022/221228_PD-CoV-DMS_bc-seq/221209_s1_b1_S45_R1_001.fastq.gz
lib56,A,TiteSeq_01_bin2,TiteSeq,2,1,221209,962892,/uufs/chpc.utah.edu/common/home/u6042467/starr-group1/sequencing/TNS/2022/221228_PD-CoV-DMS_bc-seq/221209_s1_b2_S46_R1_001.fastq.gz
lib56,A,TiteSeq_01_bin3,TiteSeq,3,1,221209,1543533,/uufs/chpc.utah.edu/common/home/u6042467/starr-group1/sequencing/TNS/2022/221228_PD-CoV-DMS_bc-seq/221209_s1_b3_S47_R1_001.fastq.gz
lib56,A,TiteSeq_01_bin4,TiteSeq,4,1,221209,1755272,/uufs/chpc.utah.edu/common/home/u6042467/starr-group1/sequencing/TNS/2022/221228_PD-CoV-DMS_bc-seq/221209_s1_b4_S48_R1_001.fastq.gz
lib56,A,TiteSeq_02_bin1,TiteSeq,1,2,221209,1338117,/uufs/chpc.utah.edu/common/home/u6042467/starr-group1/sequencing/TNS/2022/221228_PD-CoV-DMS_bc-seq/221209_s2_b1_S49_R1_001.fastq.gz
lib56,A,TiteSeq_02_bin2,TiteSeq,2,2,221209,1349278,/uufs/chpc.utah.edu/common/home/u6042467/starr-group1/sequencing/TNS/2022/221228_PD-CoV-DMS_bc-seq/221209_s2_b2_S50_R1_001.fastq.gz
lib56,A,TiteSeq_02_bin3,TiteSeq,3,2,221209,1830736,/uufs/chpc.utah.edu/common/home/u6042467/starr-group1/sequencing/TNS/2022/221228_PD-CoV-DMS_bc-seq/221209_s2_b3_S51_R1_001.fastq.gz
lib56,A,TiteSeq_02_bin4,TiteSeq,4,2,221209,876417,/uufs/chpc.utah.edu/common/home/u6042467/starr-group1/sequencing/TNS/2022/221228_PD-CoV-DMS_bc-seq/221209_s2_b4_S52_R1_001.fastq.gz
lib56,A,TiteSeq_03_bin1,TiteSeq,1,3,221209,2422983,/uufs/chpc.utah.edu/common/home/u6042467/starr-group1/sequencing/TNS/2022/221228_PD-CoV-DMS_bc-seq/221209_s3_b1_S53_R1_001.fastq.gz
lib56,A,TiteSeq_03_bin2,TiteSeq,2,3,221209,1866638,/uufs/chpc.utah.edu/common/home/u6042467/starr-group1/sequencing/TNS/2022/221228_PD-CoV-DMS_bc-seq/221209_s3_b2_S54_R1_001.fastq.gz
lib56,A,TiteSeq_03_bin3,TiteSeq,3,3,221209,1005456,/uufs/chpc.utah.edu/common/home/u6042467/starr-group1/sequencing/TNS/2022/221228_PD-CoV-DMS_bc-seq/221209_s3_b3_S55_R1_001.fastq.gz
lib56,A,TiteSeq_03_bin4,TiteSeq,4,3,221209,76285,/uufs/chpc.utah.edu/common/home/u6042467/starr-group1/sequencing/TNS/2022/221228_PD-CoV-DMS_bc-seq/221209_s3_b4_S56_R1_001.fastq.gz
lib56,A,TiteSeq_04_bin1,TiteSeq,1,4,221209,3799329,/uufs/chpc.utah.edu/common/home/u6042467/starr-group1/sequencing/TNS/2022/221228_PD-CoV-DMS_bc-seq/221209_s4_b1_S57_R1_001.fastq.gz
lib56,A,TiteSeq_04_bin2,TiteSeq,2,4,221209,1402025,/uufs/chpc.utah.edu/common/home/u6042467/starr-group1/sequencing/TNS/2022/221228_PD-CoV-DMS_bc-seq/221209_s4_b2_S58_R1_001.fastq.gz
lib56,A,TiteSeq_04_bin3,TiteSeq,3,4,221209,61072,/uufs/chpc.utah.edu/common/home/u6042467/starr-group1/sequencing/TNS/2022/221228_PD-CoV-DMS_bc-seq/221209_s4_b3_S59_R1_001.fastq.gz
lib56,A,TiteSeq_04_bin4,TiteSeq,4,4,221209,14107,/uufs/chpc.utah.edu/common/home/u6042467/starr-group1/sequencing/TNS/2022/221228_PD-CoV-DMS_bc-seq/221209_s4_b4_S60_R1_001.fastq.gz
lib56,A,TiteSeq_05_bin1,TiteSeq,1,5,221209,4765923,/uufs/chpc.utah.edu/common/home/u6042467/starr-group1/sequencing/TNS/2022/221228_PD-CoV-DMS_bc-seq/221209_s5_b1_S61_R1_001.fastq.gz
lib56,A,TiteSeq_05_bin2,TiteSeq,2,5,221209,363923,/uufs/chpc.utah.edu/common/home/u6042467/starr-group1/sequencing/TNS/2022/221228_PD-CoV-DMS_bc-seq/221209_s5_b2_S62_R1_001.fastq.gz
lib56,A,TiteSeq_05_bin3,TiteSeq,3,5,221209,10732,/uufs/chpc.utah.edu/common/home/u6042467/starr-group1/sequencing/TNS/2022/221228_PD-CoV-DMS_bc-seq/221209_s5_b3_S63_R1_001.fastq.gz
lib56,A,TiteSeq_05_bin4,TiteSeq,4,5,221209,1670,/uufs/chpc.utah.edu/common/home/u6042467/starr-group1/sequencing/TNS/2022/221228_PD-CoV-DMS_bc-seq/221209_s5_b4_S64_R1_001.fastq.gz
lib56,A,TiteSeq_06_bin1,TiteSeq,1,6,221209,4978827,/uufs/chpc.utah.edu/common/home/u6042467/starr-group1/sequencing/TNS/2022/221228_PD-CoV-DMS_bc-seq/221209_s6_b1_S65_R1_001.fastq.gz
lib56,A,TiteSeq_06_bin2,TiteSeq,2,6,221209,98231,/uufs/chpc.utah.edu/common/home/u6042467/starr-group1/sequencing/TNS/2022/221228_PD-CoV-DMS_bc-seq/221209_s6_b2_S66_R1_001.fastq.gz
lib56,A,TiteSeq_06_bin3,TiteSeq,3,6,221209,2021,/uufs/chpc.utah.edu/common/home/u6042467/starr-group1/sequencing/TNS/2022/221228_PD-CoV-DMS_bc-seq/221209_s6_b3_S67_R1_001.fastq.gz
lib56,A,TiteSeq_06_bin4,TiteSeq,4,6,221209,189,/uufs/chpc.utah.edu/common/home/u6042467/starr-group1/sequencing/TNS/2022/221228_PD-CoV-DMS_bc-seq/221209_s6_b4_S68_R1_001.fastq.gz
lib56,A,TiteSeq_07_bin1,TiteSeq,1,7,221209,4917222,/uufs/chpc.utah.edu/common/home/u6042467/starr-group1/sequencing/TNS/2022/221228_PD-CoV-DMS_bc-seq/221209_s7_b1_S69_R1_001.fastq.gz
lib56,A,TiteSeq_07_bin2,TiteSeq,2,7,221209,122338,/uufs/chpc.utah.edu/common/home/u6042467/starr-group1/sequencing/TNS/2022/221228_PD-CoV-DMS_bc-seq/221209_s7_b2_S70_R1_001.fastq.gz
lib56,A,TiteSeq_07_bin3,TiteSeq,3,7,221209,2104,/uufs/chpc.utah.edu/common/home/u6042467/starr-group1/sequencing/TNS/2022/221228_PD-CoV-DMS_bc-seq/221209_s7_b3_S71_R1_001.fastq.gz
lib56,A,TiteSeq_07_bin4,TiteSeq,4,7,221209,77,/uufs/chpc.utah.edu/common/home/u6042467/starr-group1/sequencing/TNS/2022/221228_PD-CoV-DMS_bc-seq/221209_s7_b4_S72_R1_001.fastq.gz
lib56,A,TiteSeq_08_bin1,TiteSeq,1,8,221209,4929385,/uufs/chpc.utah.edu/common/home/u6042467/starr-group1/sequencing/TNS/2022/221228_PD-CoV-DMS_bc-seq/221209_s8_b1_S73_R1_001.fastq.gz
lib56,A,TiteSeq_08_bin2,TiteSeq,2,8,221209,107644,/uufs/chpc.utah.edu/common/home/u6042467/starr-group1/sequencing/TNS/2022/221228_PD-CoV-DMS_bc-seq/221209_s8_b2_S74_R1_001.fastq.gz
lib56,A,TiteSeq_08_bin3,TiteSeq,3,8,221209,2402,/uufs/chpc.utah.edu/common/home/u6042467/starr-group1/sequencing/TNS/2022/221228_PD-CoV-DMS_bc-seq/221209_s8_b3_S75_R1_001.fastq.gz
lib56,A,TiteSeq_08_bin4,TiteSeq,4,8,221209,52,/uufs/chpc.utah.edu/common/home/u6042467/starr-group1/sequencing/TNS/2022/221228_PD-CoV-DMS_bc-seq/221209_s8_b4_S76_R1_001.fastq.gz
lib56,A,TiteSeq_09_bin1,TiteSeq,1,9,221209,4912812,/uufs/chpc.utah.edu/common/home/u6042467/starr-group1/sequencing/TNS/2022/221228_PD-CoV-DMS_bc-seq/221209_s9_b1_S77_R1_001.fastq.gz
lib56,A,TiteSeq_09_bin2,TiteSeq,2,9,221209,228754,/uufs/chpc.utah.edu/common/home/u6042467/starr-group1/sequencing/TNS/2022/221228_PD-CoV-DMS_bc-seq/221209_s9_b2_S78_R1_001.fastq.gz
lib56,A,TiteSeq_09_bin3,TiteSeq,3,9,221209,270,/uufs/chpc.utah.edu/common/home/u6042467/starr-group1/sequencing/TNS/2022/221228_PD-CoV-DMS_bc-seq/221209_s9_b3_S79_R1_001.fastq.gz
lib56,A,TiteSeq_09_bin4,TiteSeq,4,9,221209,44,/uufs/chpc.utah.edu/common/home/u6042467/starr-group1/sequencing/TNS/2022/221228_PD-CoV-DMS_bc-seq/221209_s9_b4_S80_R1_001.fastq.gz
lib56,A,hAPN_01_bin1,hAPN_sortseq,1,1,221209,3167478,/uufs/chpc.utah.edu/common/home/u6042467/starr-group1/sequencing/TNS/2022/221228_PD-CoV-DMS_bc-seq/221209_s10_b1_S81_R1_001.fastq.gz
lib56,A,hAPN_01_bin2,hAPN_sortseq,2,1,221209,1971976,/uufs/chpc.utah.edu/common/home/u6042467/starr-group1/sequencing/TNS/2022/221228_PD-CoV-DMS_bc-seq/221209_s10_b2_S82_R1_001.fastq.gz
lib56,A,hAPN_01_bin3,hAPN_sortseq,3,1,221209,113873,/uufs/chpc.utah.edu/common/home/u6042467/starr-group1/sequencing/TNS/2022/221228_PD-CoV-DMS_bc-seq/221209_s10_b3_S83_R1_001.fastq.gz
lib56,A,hAPN_01_bin4,hAPN_sortseq,4,1,221209,22551,/uufs/chpc.utah.edu/common/home/u6042467/starr-group1/sequencing/TNS/2022/221228_PD-CoV-DMS_bc-seq/221209_s10_b4_S84_R1_001.fastq.gz
lib56,A,pAPN_01_bin1,pAPN_sortseq,1,1,221209,3335297,/uufs/chpc.utah.edu/common/home/u6042467/starr-group1/sequencing/TNS/2022/221228_PD-CoV-DMS_bc-seq/221209_s11_b1_S85_R1_001.fastq.gz
lib56,A,pAPN_01_bin2,pAPN_sortseq,2,1,221209,1846808,/uufs/chpc.utah.edu/common/home/u6042467/starr-group1/sequencing/TNS/2022/221228_PD-CoV-DMS_bc-seq/221209_s11_b2_S86_R1_001.fastq.gz
lib56,A,pAPN_01_bin3,pAPN_sortseq,3,1,221209,84711,/uufs/chpc.utah.edu/common/home/u6042467/starr-group1/sequencing/TNS/2022/221228_PD-CoV-DMS_bc-seq/221209_s11_b3_S87_R1_001.fastq.gz
lib56,A,pAPN_01_bin4,pAPN_sortseq,4,1,221209,6211,/uufs/chpc.utah.edu/common/home/u6042467/starr-group1/sequencing/TNS/2022/221228_PD-CoV-DMS_bc-seq/221209_s11_b4_S88_R1_001.fastq.gz